scalley0,21/2/1990,Female,0,Emp
obacken1,15/4/1952,Male,0,Unemp
cgawen2,28/9/1989,Male,0,Unemp
efellenor3,14/6/1961,Male,1,Emp
ggadsden4,14/2/2019,Female,1,Emp
amold5,26/5/2018,Male,0,Emp
bfrome6,29/10/1987,Male,1,Emp
amalby7,22/1/1985,Female,0,Unemp
cbrisley8,14/5/1945,Male,0,Emp
lbithany9,1/8/1976,Male,0,Emp
eodarea,8/5/1997,Male,0,Emp
agerob,20/5/1947,Male,0,Emp
tsponderc,1/6/1956,Female,0,Emp
cbraunesd,18/9/1974,Male,0,Unemp
krhulee,12/9/2016,Female,0,Unemp
tbacupf,15/9/1973,Female,1,Emp
gczajag,21/5/1965,Female,1,Emp
mglanisterh,29/12/1940,Male,1,Unemp
cpenkethmani,11/11/2014,Male,0,Emp
itomsenj,5/12/1961,Female,1,Unemp
bkagank,11/1/1981,Female,1,Emp
gchallicuml,19/2/1964,Female,0,Unemp
gbretlandm,28/9/2009,Male,1,Unemp
ylongean,29/5/2005,Male,1,Unemp
opassieo,26/12/1959,Male,0,Unemp
dsawlep,29/7/1952,Male,0,Unemp
ggoodenq,2/11/1956,Female,0,Emp
rrandalsonr,5/6/1962,Female,1,Emp
mgooldings,10/11/1946,Female,0,Unemp
csplevingt,26/9/1948,Male,0,Unemp
rturvieu,8/10/1948,Female,0,Emp
nglackinv,29/6/1978,Male,0,Unemp
bhoneywoodw,23/10/2019,Female,0,Unemp
cmyrickx,26/9/1948,Male,1,Unemp
valbiony,6/11/1947,Male,1,Unemp
dbrasteadz,21/7/1953,Male,0,Unemp
echittem10,12/2/1965,Female,1,Unemp
tthibodeaux11,13/8/1985,Male,1,Unemp
bhaggart12,29/6/1992,Male,0,Unemp
avogt13,15/10/2009,Female,0,Emp
gsturdey14,20/12/1994,Male,0,Emp
ffant15,3/7/1961,Male,1,Emp
wmaureen16,14/6/1967,Female,0,Emp
bolenchenko17,16/9/1942,Female,1,Unemp
mfranzonello18,25/1/1986,Female,1,Unemp
dcardenosa19,14/10/1972,Male,0,Unemp
elannon1a,3/11/1997,Male,0,Unemp
amcgaughey1b,22/3/1958,Female,0,Unemp
vpitt1c,26/10/1974,Male,0,Unemp
mmacginlay1d,30/6/1976,Female,0,Emp
bskittles1e,22/4/1980,Female,0,Unemp
eblamphin1f,28/8/2003,Male,0,Unemp
jgormley1g,23/9/1998,Female,1,Unemp
spylkynyton1h,27/12/1942,Male,0,Unemp
aledington1i,19/10/1998,Female,1,Emp
fkatte1j,1/2/2017,Male,1,Unemp
eeates1k,4/9/1994,Female,0,Emp
bmaccole1l,8/2/1993,Female,0,Emp
pbattey1m,29/2/1948,Male,1,Unemp
greynoldson1n,30/1/1977,Male,1,Emp
glethabridge1o,19/6/1981,Female,0,Emp
oclemett1p,2/6/2001,Male,1,Unemp
lgirardy1q,11/12/2003,Male,0,Unemp
hpascho1r,7/2/1970,Male,1,Unemp
srojel1s,30/12/1973,Female,1,Unemp
kguise1t,23/9/2008,Female,0,Emp
acanham1u,22/11/1985,Male,0,Unemp
leccles1v,2/10/2007,Male,0,Unemp
asambidge1w,5/7/1943,Female,0,Unemp
bbreem1x,22/12/1953,Female,1,Emp
ptapp1y,16/4/2015,Female,0,Emp
akimmins1z,3/4/2018,Female,0,Unemp
mgonet20,27/7/1948,Female,0,Unemp
mlackner21,11/10/1971,Female,1,Emp
wskipton22,5/10/1975,Male,0,Unemp
rbabbage23,2/6/2013,Male,1,Unemp
cmordey24,16/4/1981,Male,1,Unemp
pskyme25,2/6/1944,Male,0,Unemp
knassy26,14/10/1950,Male,1,Emp
dbourcq27,4/3/1978,Male,0,Unemp
dmcindoe28,2/6/1952,Female,0,Unemp
kballham29,2/11/1945,Female,1,Unemp
cglidder2a,25/1/1987,Female,0,Unemp
tbunson2b,14/12/1982,Female,0,Unemp
wflucker2c,11/11/1979,Female,0,Unemp
fgioan2d,1/1/1976,Male,0,Emp
gfreeborne2e,26/8/1987,Female,0,Unemp
ahopkyns2f,28/1/2006,Female,0,Emp
ogonnin2g,6/5/1988,Female,0,Emp
ljakubski2h,25/7/2019,Female,1,Unemp
dseed2i,21/2/1999,Female,0,Emp
abeisley2j,21/4/2005,Female,0,Emp
swallentin2k,3/3/1958,Female,1,Emp
gkilfeder2l,16/3/1945,Female,0,Unemp
dburl2m,13/3/2004,Female,1,Emp
odyche2n,5/4/1947,Female,0,Unemp
kcutriss2o,22/7/2000,Male,1,Emp
dmunton2p,11/12/1946,Male,0,Unemp
fsivess2q,8/6/1973,Male,1,Emp
dadshad2r,1/2/1976,Male,0,Unemp
mpaolini2s,22/4/2003,Male,1,Unemp
gbriers2t,7/1/2000,Male,0,Emp
hmallabon2u,23/4/2016,Male,1,Unemp
calexandre2v,13/10/1952,Male,0,Emp
wvinecombe2w,25/8/1986,Female,1,Unemp
ewatterson2x,10/2/2011,Male,0,Unemp
ibushell2y,27/7/1996,Male,0,Emp
glyttle2z,29/9/1967,Male,1,Unemp
awolstenholme30,15/5/2010,Female,0,Unemp
nbiaggi31,13/4/1995,Female,0,Unemp
akestian32,21/11/1982,Male,0,Unemp
hfilipczak33,27/5/1949,Male,1,Unemp
pkarpets34,10/10/1943,Female,0,Unemp
ayankeev35,11/11/1968,Female,1,Unemp
gkuschke36,29/5/1972,Female,1,Emp
bmaffezzoli37,19/1/1946,Female,0,Unemp
obartoszewski38,9/7/1951,Male,1,Emp
thartgill39,8/1/1948,Male,1,Emp
dedling3a,25/1/1942,Female,1,Unemp
mneasham3b,23/10/2016,Female,0,Unemp
dhickenbottom3c,22/11/1981,Male,0,Unemp
ganscombe3d,17/8/1963,Female,1,Unemp
jisselee3e,22/7/1977,Female,0,Emp
rmaine3f,3/7/1962,Male,1,Unemp
acrame3g,1/3/1968,Male,0,Emp
akinner3h,7/12/1966,Female,1,Emp
lpoulter3i,4/11/1942,Male,0,Unemp
abigley3j,18/9/1982,Male,0,Emp
uofeeney3k,8/3/2012,Female,1,Emp
bsteaning3l,24/6/1989,Male,0,Emp
cmattiussi3m,26/10/1993,Male,0,Unemp
llavrick3n,20/2/1976,Male,0,Emp
jhindsberg3o,13/2/1986,Female,0,Unemp
mcorbould3p,19/11/1993,Female,1,Unemp
dedgell3q,30/12/1969,Female,0,Unemp
dcahalin3r,3/5/1967,Female,0,Emp
ajewess3s,18/7/1993,Female,1,Unemp
gpiletic3t,23/10/1992,Female,0,Emp
rkilalea3u,27/12/2018,Male,0,Unemp
ckuschel3v,10/6/1965,Female,0,Emp
kspringthorpe3w,29/4/1985,Male,1,Unemp
nreedie3x,2/5/1957,Male,1,Unemp
mmcauslene3y,29/1/2015,Male,1,Emp
zgoncalo3z,19/2/2018,Male,1,Unemp
bmustchin40,1/5/1981,Male,1,Emp
foakhill41,18/2/1958,Female,0,Emp
tcorbishley42,10/2/1975,Male,1,Unemp
jgraben43,16/4/1987,Male,0,Unemp
fbordman44,4/7/2008,Female,0,Unemp
nbaruch45,16/12/1988,Male,0,Unemp
tashment46,26/5/1955,Male,1,Emp
brosenfeld47,12/10/1957,Male,1,Unemp
ttaylorson48,12/10/1951,Male,1,Emp
idouble49,21/12/2016,Female,1,Emp
bblockey4a,10/3/1967,Female,1,Unemp
ltellwright4b,8/11/1958,Male,0,Unemp
slurner4c,16/5/1992,Female,1,Unemp
gbantick4d,18/7/1998,Female,0,Emp
ltures4e,25/6/1968,Male,0,Emp
ccorps4f,12/9/1987,Male,1,Emp
jreede4g,12/1/2013,Female,0,Emp
acoat4h,8/1/1950,Female,0,Emp
rjulien4i,31/8/2012,Male,0,Emp
nbetancourt4j,19/3/1960,Female,0,Unemp
aminchindon4k,7/4/1982,Female,1,Emp
mchansonne4l,14/4/2009,Male,0,Emp
ntwohig4m,8/6/1961,Female,0,Emp
wdael4n,13/6/1950,Male,0,Emp
msamber4o,13/12/1966,Female,0,Emp
bburrage4p,17/11/1973,Male,1,Emp
rwinkle4q,1/12/1993,Female,0,Unemp
tgulvin4r,1/4/1991,Female,1,Emp
dnelles4s,9/4/1975,Female,0,Unemp
icoton4t,21/3/2005,Male,0,Emp
mcrudgington4u,16/4/2017,Female,0,Emp
bdudbridge4v,7/11/1963,Female,0,Unemp
loliver4w,27/10/1943,Female,0,Emp
doglethorpe4x,23/7/1955,Male,1,Unemp
vgarner4y,30/1/1986,Male,0,Unemp
mlacaze4z,4/5/2002,Female,0,Unemp
pwimlett50,23/2/1946,Female,1,Emp
rrock51,12/2/2004,Male,0,Emp
owinsome52,8/5/1947,Male,0,Emp
egarn53,1/8/1959,Female,1,Emp
chellmer54,23/4/2006,Female,0,Emp
ksamart55,20/4/1946,Female,0,Unemp
lmccosh56,14/10/2009,Female,1,Unemp
kmcdermottrow57,10/7/1975,Male,1,Emp
jbroadstock58,4/9/1956,Female,0,Emp
tellerton59,26/8/1988,Male,0,Emp
dpobjay5a,8/7/1977,Male,1,Emp
ifuchs5b,28/7/2014,Male,1,Unemp
hmotte5c,2/4/1979,Male,0,Unemp
clinch5d,22/3/1977,Male,1,Unemp
kkennerley5e,12/2/1953,Female,1,Emp
rrandall5f,3/3/1964,Female,0,Emp
mboggis5g,11/1/2016,Female,0,Unemp
dmaidens5h,6/9/1983,Female,1,Unemp
kduffitt5i,20/6/1960,Male,1,Emp
sstrathdee5j,24/8/2014,Female,1,Emp
wkitter5k,12/3/2011,Male,1,Emp
ohoyle5l,16/11/1975,Male,1,Emp
hphant5m,28/3/1946,Female,0,Unemp
saucock5n,17/5/1979,Male,0,Unemp
mpace5o,16/5/1972,Female,0,Unemp
clammert5p,8/10/1947,Female,1,Emp
arodders5q,12/8/1996,Female,0,Emp
ilambal5r,10/3/2019,Male,0,Emp
ekinglesyd5s,27/7/1965,Female,1,Emp
tmousley5t,31/12/1956,Female,1,Unemp
alemme5u,16/7/1965,Male,1,Emp
kgianolo5v,15/2/2015,Female,0,Emp
dcrippen5w,14/5/1990,Male,1,Unemp
lwinspeare5x,7/6/2001,Male,1,Emp
jturneux5y,7/1/1941,Male,1,Unemp
relwood5z,5/12/2015,Female,0,Emp
ejarmaine60,2/5/1972,Male,1,Emp
cduckerin61,27/4/1991,Male,0,Emp
mjosland62,13/12/1973,Male,0,Emp
prains63,20/7/1956,Female,1,Unemp
kpitone64,9/8/1985,Male,1,Unemp
ltribbeck65,9/2/2006,Male,1,Emp
jcarty66,19/7/1969,Female,0,Emp
lwaldron67,22/2/1988,Female,1,Unemp
ldonaway68,19/3/1982,Male,0,Unemp
iclemetts69,1/8/2014,Male,0,Unemp
gmunkton6a,12/12/1984,Female,0,Emp
msummerskill6b,18/10/2018,Female,1,Emp
ufriar6c,8/5/1953,Male,0,Emp
agrassick6d,16/2/1946,Male,0,Unemp
bkubica6e,21/11/1980,Female,0,Emp
dbracey6f,3/8/1971,Male,1,Unemp
aepiscopi6g,20/2/2018,Female,1,Unemp
gzuan6h,11/12/1975,Male,1,Unemp
dstreatfield6i,7/12/1958,Male,0,Emp
fmcginnell6j,7/2/2009,Male,1,Emp
jpittoli6k,10/12/1990,Male,1,Unemp
jrykert6l,15/5/1977,Male,0,Unemp
nmiddlemiss6m,9/9/1986,Female,1,Emp
dcullity6n,9/6/1972,Male,0,Unemp
ibourdis6o,16/4/1942,Female,0,Unemp
ahuitson6p,24/4/1993,Female,0,Emp
cpendall6q,7/12/1986,Female,0,Unemp
jpicker6r,11/5/2014,Female,0,Unemp
rvasilenko6s,10/7/1955,Male,1,Emp
aizchaki6t,5/12/1943,Female,0,Emp
ndaintree6u,22/3/1977,Female,1,Unemp
fwharlton6v,19/7/1987,Female,0,Emp
echesterman6w,6/12/1955,Male,0,Unemp
rgarvagh6x,22/12/1947,Male,1,Emp
jcoonihan6y,25/8/1984,Female,0,Unemp
ylemmon6z,24/3/1984,Male,0,Emp
tzanre70,3/7/1942,Female,1,Unemp
wllewellen71,6/8/1944,Female,1,Emp
mlanghor72,20/8/1948,Male,0,Unemp
efleming73,9/11/2004,Male,1,Emp
lcoughtrey74,3/7/1942,Female,0,Emp
bvallery75,19/1/2019,Female,0,Emp
bwyard76,20/7/1949,Male,1,Emp
ncadd77,27/10/1954,Female,0,Unemp
jzylberdik78,28/10/1996,Male,0,Emp
fgoodsall79,4/1/1959,Female,0,Unemp
cbourton7a,4/6/1991,Male,1,Unemp
nhum7b,2/2/1996,Male,0,Emp
ddoniso7c,18/12/1997,Female,1,Unemp
tcahalan7d,7/10/1989,Female,0,Emp
cformilli7e,25/1/1998,Female,0,Unemp
wbinham7f,1/10/1991,Female,0,Emp
ccheesworth7g,28/2/1966,Female,0,Emp
kburry7h,9/11/1997,Female,0,Emp
kbolderson7i,3/3/1999,Male,1,Emp
mvanderhoog7j,12/11/2005,Female,0,Unemp
gmagee7k,30/1/2010,Male,1,Unemp
glarcier7l,6/6/1973,Female,1,Unemp
dwarner7m,23/9/1981,Female,1,Emp
ewestoll7n,19/7/2007,Female,0,Emp
ftadgell7o,14/3/2000,Male,1,Emp
bpfaffe7p,10/11/1955,Male,1,Emp
hbenardette7q,18/5/1944,Male,1,Emp
kkeave7r,15/1/2016,Male,1,Emp
zvondra7s,29/3/1980,Female,0,Emp
hreedyhough7t,4/8/1958,Male,0,Emp
vcockshtt7u,24/12/1942,Female,1,Emp
jsears7v,9/4/2002,Female,1,Emp
jswires7w,22/10/2007,Female,0,Unemp
wabsolon7x,31/8/2011,Female,0,Emp
bpilkington7y,4/8/2005,Female,1,Unemp
kgreengrass7z,19/12/1960,Male,1,Emp
wdaventry80,10/12/1963,Male,0,Emp
rswetland81,24/11/1984,Female,1,Emp
eostridge82,26/12/1980,Female,0,Emp
odaws83,6/11/1941,Female,0,Emp
cmcgrale84,22/2/1985,Female,0,Unemp
dpostle85,28/9/1985,Female,0,Unemp
cwildbore86,13/11/1976,Female,0,Emp
hiacovielli87,19/11/1979,Female,0,Unemp
mcolaco88,21/1/1941,Male,0,Unemp
blaight89,5/1/1953,Female,0,Unemp
mvassman8a,8/12/2015,Female,1,Unemp
wreeder8b,12/1/1962,Female,1,Emp
mtwelftree8c,3/1/2017,Female,1,Unemp
swestgate8d,8/10/1978,Female,0,Emp
nperazzo8e,1/7/1972,Female,1,Unemp
banselmi8f,25/12/1963,Male,0,Emp
wgorch8g,5/11/1974,Female,0,Unemp
jalderson8h,4/4/1971,Female,1,Emp
aribeiro8i,19/4/1995,Female,1,Unemp
ewittey8j,24/4/2003,Male,0,Unemp
nspeek8k,5/7/1968,Female,1,Unemp
tribchester8l,18/9/1959,Male,0,Unemp
ovasiltsov8m,24/11/1982,Female,0,Emp
smaine8n,14/8/2018,Female,0,Emp
gbassingham8o,29/7/1941,Male,1,Unemp
jstein8p,16/2/1969,Female,0,Unemp
mpayley8q,16/8/1969,Female,0,Emp
joggers8r,21/10/1971,Male,1,Emp
edungay8s,28/2/1985,Male,0,Emp
rcamoys8t,8/4/1986,Male,1,Emp
jchessill8u,8/11/2018,Male,0,Unemp
tfahrenbacher8v,20/11/2017,Male,0,Unemp
ishyre8w,16/2/2004,Female,0,Emp
gminchell8x,4/12/2018,Female,0,Emp
aduignan8y,9/8/2007,Female,1,Emp
rpapaminas8z,18/4/2018,Female,1,Emp
aburner90,14/4/1956,Female,0,Unemp
aabramamov91,25/8/2008,Male,0,Unemp
pnewens92,3/9/1977,Male,0,Unemp
ivasenin93,1/8/2002,Male,1,Emp
stims94,6/7/1994,Female,1,Emp
dhowett95,1/12/1966,Male,0,Emp
gsoots96,16/1/1987,Male,1,Unemp
thedon97,26/6/1962,Female,1,Unemp
ssigfrid98,24/10/1979,Male,0,Unemp
ebenezeit99,24/10/1963,Female,0,Emp
mhargey9a,14/3/1954,Female,1,Unemp
ymasters9b,17/8/2003,Male,1,Unemp
edemanche9c,9/3/1951,Female,1,Unemp
mcota9d,23/10/2009,Female,1,Unemp
hduckfield9e,28/1/1986,Male,1,Unemp
fvardy9f,10/8/1979,Male,0,Emp
ashearsby9g,9/1/1941,Male,0,Emp
amowlam9h,4/2/1963,Male,0,Unemp
isalzberg9i,17/8/1978,Male,1,Unemp
aeverix9j,25/3/1996,Male,0,Emp
tchristaeas9k,17/4/1988,Female,1,Unemp
scarling9l,1/4/2011,Male,0,Unemp
lpetters9m,20/7/1969,Male,1,Emp
hblagbrough9n,1/3/1943,Male,0,Emp
twarr9o,10/10/1955,Female,0,Emp
mhullot9p,14/7/1997,Male,0,Unemp
mchatband9q,6/1/1997,Female,0,Emp
mslaight9r,24/7/1953,Female,0,Unemp
cdwerryhouse9s,26/12/2018,Female,1,Emp
hsiddon9t,27/2/1942,Male,1,Unemp
chalwill9u,17/2/1964,Male,1,Unemp
gwoffenden9v,30/11/2003,Male,0,Emp
jserfati9w,17/7/1982,Male,1,Unemp
dvawton9x,18/2/1946,Male,1,Unemp
lwebster9y,14/4/1985,Female,0,Unemp
cbredgeland9z,17/5/2000,Female,0,Emp
itundera0,6/6/1981,Male,0,Unemp
wberforda1,10/12/2005,Female,1,Emp
lvitterya2,9/5/2000,Female,0,Emp
rhousona3,30/9/1940,Male,0,Emp
lkuhnwalda4,6/6/1979,Female,0,Emp
fgella5,15/12/1979,Male,0,Emp
cwimbridgea6,26/5/1943,Male,0,Emp
mmorpheya7,23/5/1994,Female,1,Emp
msnowlinga8,6/12/1971,Female,0,Emp
mfleschera9,23/3/1943,Male,1,Unemp
mdionsettoaa,9/10/2002,Male,1,Emp
rcastlakeab,8/11/1984,Male,0,Emp
sstrideac,17/5/2006,Female,0,Emp
tgrinsteadad,10/9/2015,Female,1,Emp
dfrangletonae,4/4/1984,Male,1,Unemp
mbardeaf,27/5/1953,Female,0,Unemp
rmatveikoag,2/7/1982,Male,0,Emp
kcordobaah,29/10/2009,Female,0,Emp
rsaltmarshai,12/7/1989,Male,0,Emp
bsageaj,30/5/1941,Female,1,Emp
spettittak,1/5/1995,Male,1,Unemp
cphillipsal,18/6/1995,Female,1,Emp
rkaremanam,6/6/2001,Male,0,Emp
rgallawayan,30/10/1949,Female,1,Emp
cmcchruiterao,27/8/1970,Male,0,Emp
swormleightonap,15/12/1986,Male,1,Emp
agranleeseaq,27/3/1978,Male,0,Emp
eoboyar,29/4/1971,Female,1,Emp
zfulkeras,24/10/2007,Female,1,Emp
nelsieat,23/1/2016,Female,0,Emp
mgreeneau,11/9/1989,Male,0,Unemp
uspoursav,28/5/1965,Male,0,Unemp
mmoraw,10/2/1969,Male,1,Emp
gpetofiax,7/3/1944,Female,1,Emp
gmcalorenay,8/1/2006,Male,1,Emp
pbernardiaz,7/11/1959,Male,0,Emp
lcoppockb0,1/1/1963,Female,1,Unemp
mgoeringb1,12/1/1944,Male,1,Emp
mpopovb2,20/12/1943,Male,0,Unemp
ctaceb3,3/10/1993,Male,1,Emp
vborrelb4,11/9/1996,Male,1,Unemp
mczadlab5,24/2/1970,Male,1,Emp
jwhaitesb6,2/5/2009,Male,1,Emp
twinfindaleb7,10/7/1957,Female,1,Emp
apeddersenb8,11/8/1943,Female,1,Emp
sfeveryearb9,3/2/1965,Male,0,Unemp
roglassaneba,4/10/2009,Male,1,Unemp
jchasmarbb,28/9/2007,Male,0,Emp
cbrawsonbc,17/3/1991,Male,0,Emp
pdelgardobd,3/1/1947,Male,0,Unemp
dshanahanbe,24/1/2004,Male,0,Emp
nchapierbf,19/3/1942,Female,0,Unemp
atretwellbg,30/10/1953,Female,1,Unemp
ranthesbh,28/11/1976,Male,0,Emp
adarlassonbi,28/12/1960,Male,1,Unemp
mwincombj,2/5/2009,Female,0,Unemp
lcarterbk,6/4/2007,Female,1,Unemp
dbellengerbl,2/7/1962,Female,0,Unemp
ramosbm,6/10/2008,Female,0,Unemp
hbagsterbn,25/11/1967,Female,1,Unemp
egoodletbo,1/2/1984,Male,1,Emp
neptonbp,3/1/1974,Female,0,Unemp
vinnsbq,21/1/2003,Female,1,Unemp
nfrondtbr,5/4/2000,Female,0,Unemp
akenderbs,13/10/1984,Male,0,Unemp
akisbybt,28/1/1967,Male,0,Unemp
rcosbybu,23/6/2019,Male,0,Emp
rllelwelnbv,8/9/1969,Female,1,Unemp
gdottridgebw,15/7/1977,Female,0,Emp
skelingbx,11/5/2008,Male,1,Emp
ddamiataby,8/1/2015,Male,0,Emp
olandisbz,10/11/2016,Female,0,Emp
hgouthc0,5/5/2017,Male,1,Emp
hhuckc1,5/3/1998,Female,1,Unemp
nvawtonc2,9/2/1946,Male,0,Unemp
drounsefullc3,4/1/1963,Female,0,Unemp
ngovenlockc4,13/3/1992,Male,0,Unemp
cwinsleyc5,22/2/2013,Female,1,Emp
jhullc6,2/12/1980,Male,0,Unemp
amcreynoldc7,18/11/2009,Female,0,Emp
mdillingstonc8,17/10/1959,Male,0,Unemp
alightowlersc9,14/3/1947,Female,0,Emp
mbabarca,2/3/1990,Female,1,Unemp
hpaynescb,2/4/1983,Female,0,Unemp
tfeatherstoncc,8/11/1972,Female,1,Emp
bverlingcd,17/5/1996,Female,1,Emp
beastmentce,8/8/1998,Female,0,Emp
ddambrogicf,16/12/1960,Male,1,Emp
mbaylecg,15/8/1960,Female,1,Emp
lcadoganch,16/9/1948,Male,0,Unemp
njanuszkiewiczci,14/1/1958,Male,1,Emp
pmccritichiecj,25/9/2019,Female,1,Emp
afeldsternck,4/6/1986,Male,1,Unemp
imcilrathcl,23/3/1976,Female,0,Unemp
ezmitrukcm,6/2/1995,Female,0,Emp
sschrirencn,17/5/2002,Female,1,Unemp
cmounceyco,17/5/1995,Male,1,Unemp
vmachelcp,11/9/1981,Female,1,Unemp
rwakenshawcq,19/9/1982,Female,0,Emp
bstubbeleycr,19/3/2009,Male,0,Unemp
dcasscs,13/11/1972,Male,0,Emp
scarrellct,11/2/2004,Male,0,Unemp
tbrackencu,10/11/1993,Male,0,Unemp
ehatherallcv,3/2/1945,Male,0,Emp
hpaulecw,12/8/2004,Male,0,Emp
dotteecx,11/1/1941,Female,0,Emp
dtimebycy,4/2/1976,Female,0,Emp
mtunnycz,11/3/2008,Male,1,Emp
woilierd0,23/3/1969,Male,0,Emp
ngiovannillid1,21/2/1967,Male,0,Emp
sfodend2,1/3/1970,Female,1,Unemp
manthonsend3,24/4/1970,Female,1,Emp
csandyfordd4,7/12/1987,Male,0,Unemp
ddinnegesd5,3/1/1974,Male,0,Emp
dinglebyd6,11/2/2014,Male,1,Unemp
jdenisd7,15/9/1986,Male,1,Unemp
cwhitehurstd8,23/7/1960,Male,1,Unemp
abernardouxd9,13/8/1957,Male,1,Emp
vbargeryda,30/11/1970,Male,1,Unemp
rstinsondb,11/3/2015,Male,1,Unemp
amickandc,31/1/2003,Male,0,Emp
enanidd,17/1/2019,Female,0,Emp
estammerde,17/10/1949,Female,1,Unemp
vmeinekendf,22/6/2002,Male,1,Unemp
epittwooddg,14/7/2016,Male,1,Emp
nsumersdh,30/5/1946,Female,1,Unemp
sgeroldidi,10/3/1942,Female,1,Unemp
cmercerdj,25/5/2013,Male,0,Emp
khuggandk,2/12/1962,Male,1,Emp
sbridgmandl,25/11/2011,Female,1,Emp
rgoultdm,8/1/1990,Male,0,Unemp
ebonafacinodn,6/9/1940,Female,1,Unemp
sneesondo,5/1/1944,Male,0,Emp
abelonedp,2/7/1974,Male,0,Emp
kpenhaligondq,23/11/1987,Female,1,Unemp
vkahanedr,15/3/1940,Male,1,Unemp
drendbaekds,13/11/1961,Female,0,Unemp
dollerdt,13/9/1977,Female,0,Unemp
bcorbettdu,2/6/1947,Male,1,Emp
dberzinsdv,4/3/2007,Female,0,Emp
icrokerdw,21/2/1995,Female,1,Unemp
atocknelldx,8/7/1952,Male,1,Unemp
awannopdy,10/10/1967,Female,0,Emp
bdibbledz,7/2/1966,Female,0,Unemp
jkingabye0,7/5/2014,Female,1,Emp
djoulese1,29/4/1975,Female,0,Emp
gbinese2,16/10/2006,Male,0,Unemp
vezzye3,4/7/1961,Female,0,Emp
stidmane4,18/9/2011,Male,1,Emp
hgadde5,9/5/1941,Female,0,Unemp
tcregine6,31/7/1996,Female,0,Emp
sbeldone7,18/5/1945,Female,1,Emp
scasee8,20/12/1996,Male,0,Unemp
jsheppeye9,3/10/1984,Female,1,Unemp
kgoodludea,16/8/1987,Female,1,Unemp
amikalskieb,6/9/1946,Male,1,Unemp
sreisinec,22/2/1985,Male,0,Emp
dpauweled,9/11/1949,Male,1,Unemp
mbechleyee,12/9/2009,Male,1,Emp
zlembckeef,26/12/1946,Female,1,Emp
emialleg,22/5/1945,Female,1,Emp
calleyneh,21/1/1965,Female,1,Unemp
cvannahei,17/8/2017,Male,1,Emp
ktroppmannej,6/8/2000,Male,1,Emp
oostickek,24/7/1943,Female,1,Unemp
nfontaineel,31/1/2002,Male,1,Unemp
ckauscherem,21/12/1982,Female,0,Unemp
aellikeren,22/2/1995,Male,0,Emp
cphippseo,27/3/1963,Female,0,Unemp
kwoolfendenep,20/11/2014,Female,0,Unemp
scrinsoneq,2/11/1973,Female,1,Emp
cshekleer,10/3/1944,Male,0,Emp
sboyntones,12/5/2019,Male,0,Emp
duttinget,16/3/1997,Female,1,Unemp
dreyeu,27/9/1999,Male,0,Unemp
lduddellev,2/6/1984,Female,0,Unemp
igrossierew,8/6/1974,Male,1,Unemp
fiansonex,1/7/1984,Female,1,Emp
gcalenderey,8/8/1974,Male,0,Unemp
swithropez,31/3/1950,Male,0,Unemp
aheynelf0,7/2/2008,Female,1,Unemp
ahuelinf1,12/2/1991,Male,0,Emp
pbensteadf2,7/7/2018,Male,1,Emp
bashf3,24/11/1970,Female,0,Unemp
msellorsf4,8/10/1961,Male,0,Emp
hburgoynef5,5/4/1965,Female,0,Unemp
jbuckstonf6,21/6/1976,Female,1,Emp
cdeversonf7,19/4/1947,Female,1,Emp
cmulrooneyf8,26/4/1970,Female,0,Emp
rsanciasf9,3/11/1953,Female,1,Unemp
amcglaudfa,26/8/1947,Female,0,Unemp
cdesaveryfb,28/5/2008,Female,1,Unemp
pjeromefc,6/2/1969,Female,0,Unemp
ktadmanfd,7/8/1973,Female,1,Emp
snylesfe,25/5/2006,Female,0,Emp
skeitchff,10/5/1961,Male,1,Unemp
sarrigofg,4/1/1995,Female,1,Emp
cferreyfh,16/11/1949,Male,1,Emp
raureliusfi,24/8/2006,Male,0,Unemp
cbalmannfj,13/5/1995,Male,0,Unemp
tescoffreyfk,11/10/1983,Female,1,Emp
acenterfl,15/1/1943,Male,1,Emp
dcowderoyfm,1/2/1993,Male,0,Unemp
cstandishfn,9/5/1960,Male,0,Unemp
tcuerdallfo,1/7/1941,Female,1,Unemp
zsymesfp,28/6/1960,Female,1,Unemp
hmaymandfq,19/9/1954,Male,0,Emp
jshaylorfr,1/11/1967,Male,0,Unemp
dcoveneyfs,30/6/2000,Female,0,Unemp
ktynanft,16/3/2001,Female,1,Unemp
kbissellfu,18/7/1977,Female,0,Emp
twhiskerdfv,3/8/1954,Male,1,Unemp
bcheesleyfw,15/7/1948,Female,1,Unemp
mhattifffx,15/9/1992,Male,0,Unemp
aslemmingfy,9/7/1979,Male,1,Unemp
ccelierfz,22/7/1961,Male,1,Emp
wmelledyg0,18/3/2009,Male,1,Unemp
tboatmang1,4/1/1966,Male,1,Emp
sbushellg2,21/7/1985,Male,0,Emp
hmaccarterg3,2/11/1974,Female,1,Unemp
kjirkag4,10/4/1988,Male,1,Unemp
mbartolomeug5,14/2/2006,Female,0,Emp
tlakeyg6,29/10/1967,Female,1,Unemp
tbrownsellg7,21/11/2000,Female,0,Emp
dpencostg8,7/10/2017,Female,1,Emp
czapatag9,23/2/2003,Male,1,Unemp
glankfordga,20/3/1956,Male,0,Emp
mcastelyngb,4/2/1967,Female,0,Emp
lgendrichgc,10/3/1991,Female,1,Emp
lgillgd,12/12/1992,Male,0,Unemp
sgoodaylege,16/10/1960,Male,1,Unemp
aschweringf,10/3/1970,Male,1,Emp
ljouandetgg,18/6/1998,Female,1,Unemp
orowdellgh,5/3/1995,Female,1,Emp
msabatigi,25/7/1996,Male,1,Unemp
ogosdingj,23/5/1962,Female,0,Emp
tmcquartergk,27/12/1941,Male,1,Emp
cpestridgegl,7/4/1980,Male,1,Unemp
jreilygm,31/7/1982,Female,1,Emp
tmenisgn,12/4/2013,Female,1,Emp
ftutchingsgo,18/4/1984,Male,0,Unemp
gshephardgp,26/9/2007,Female,1,Emp
vmacnamaragq,20/3/1952,Male,0,Unemp
aallinsongr,15/1/1961,Female,0,Unemp
dmacandrewgs,8/2/1962,Male,0,Emp
chaspineallgt,21/1/1976,Female,1,Emp
jthreadergu,1/9/2003,Female,1,Unemp
evasyukhnovgv,21/9/2005,Female,1,Unemp
bcurmegw,11/6/1942,Male,1,Emp
bburnsydegx,19/2/1991,Female,0,Unemp
wsimonatogy,10/1/2004,Male,0,Emp
mweedenburggz,15/5/1990,Male,0,Emp
pwitcherh0,22/12/1997,Female,0,Emp
sshakesbyh1,12/6/1986,Female,1,Emp
vrandersonh2,17/7/1955,Male,1,Unemp
aheinemannh3,15/4/1996,Female,0,Unemp
dmacneishh4,17/5/1958,Female,1,Emp
mlambdinh5,12/10/1987,Female,1,Unemp
falstonh6,12/6/1990,Male,1,Unemp
hbeneteauh7,11/7/2006,Female,1,Unemp
pebdinh8,2/5/1979,Male,1,Unemp
mbilbreyh9,19/9/1975,Male,0,Emp
estrippha,21/4/2009,Male,0,Unemp
rmatejahb,11/2/2009,Female,1,Emp
rcominellohc,3/8/1946,Female,0,Unemp
tthickpennyhd,20/7/1998,Female,0,Unemp
ncallenhe,16/7/1950,Male,1,Unemp
drivelinhf,4/11/1977,Female,1,Unemp
vorgelhg,11/3/1992,Male,0,Emp
frippingallhh,16/11/1993,Female,0,Emp
hruminhi,17/6/1999,Male,1,Unemp
bduplockhj,18/8/1996,Female,1,Emp
dbrookzhk,7/2/1990,Female,1,Emp
fkervinhl,22/10/1969,Female,1,Unemp
chapshm,30/9/2010,Female,0,Unemp
nlathyhn,15/4/1983,Male,0,Emp
claingmaidho,6/4/1959,Male,1,Emp
nredbournhp,8/9/1996,Male,1,Emp
hdemirandahq,5/2/2016,Female,1,Emp
wcissonhr,24/8/1977,Male,0,Unemp
ballatths,16/12/1945,Female,1,Unemp
nzannolliht,29/9/1982,Female,0,Emp
gbesnardeauhu,31/10/1956,Female,0,Emp
lbettinsonhv,15/10/1990,Male,1,Unemp
gbuesnelhw,1/2/1983,Female,1,Emp
wburrenhx,4/5/2018,Female,0,Emp
jsharperhy,28/10/1987,Male,1,Unemp
gcocklehz,10/2/1974,Female,0,Emp
mperksi0,9/2/1949,Male,1,Emp
mvenablesi1,17/10/1966,Female,1,Emp
ahoferi2,28/11/1940,Female,0,Emp
mbourkei3,11/1/1950,Female,1,Unemp
sillesi4,7/9/1993,Male,1,Unemp
mmakini5,28/1/1963,Male,0,Emp
ncahani6,30/4/2015,Female,1,Unemp
cschadei7,10/11/1972,Male,0,Unemp
tcattermulli8,13/1/1968,Male,1,Unemp
scleaveri9,31/10/2017,Male,0,Emp
cdelaundeia,6/1/1987,Male,0,Unemp
gmongerib,9/3/2013,Female,0,Emp
wfairbairnic,7/7/1965,Female,1,Emp
clummid,22/7/1942,Male,1,Emp
asigarsie,15/3/1973,Male,1,Emp
ejohnseeif,18/4/1992,Male,0,Emp
bgoodinig,6/4/1952,Male,0,Unemp
kgrzeszczakih,4/11/1980,Female,0,Emp
dwatkinii,13/12/1956,Male,1,Emp
hdispencerij,14/6/1959,Female,0,Unemp
rgambleik,6/6/1987,Male,0,Emp
lbrisseil,18/4/1999,Female,0,Unemp
aswindellsim,24/9/1976,Male,1,Unemp
ybaxin,25/1/1964,Male,1,Emp
tdaviddeio,6/2/1994,Female,1,Emp
collerheadip,5/9/1974,Female,1,Emp
deyesiq,21/10/1941,Male,1,Unemp
kbreacheir,15/5/1956,Female,1,Unemp
abrugemannis,7/7/2015,Female,1,Unemp
rbonafacinoit,12/12/1951,Female,0,Emp
lfearensideiu,16/3/1946,Male,0,Unemp
ldoraniv,27/11/2014,Female,0,Emp
hmacguffogiw,13/11/1989,Female,0,Unemp
jtibaldix,20/3/2011,Male,0,Emp
vpressmaniy,21/7/1944,Female,1,Unemp
scordelleiz,14/4/1956,Female,0,Unemp
asiderfinj0,24/10/1992,Male,1,Unemp
dcuretonj1,3/12/2019,Male,1,Emp
jhamflettj2,26/9/1997,Male,1,Unemp
rturesj3,18/4/1949,Female,0,Emp
lfruenj4,5/11/1959,Male,0,Emp
rreubelj5,23/4/1972,Male,1,Unemp
kteasdalemarkiej6,15/5/1986,Male,1,Unemp
cmacneillyj7,11/6/1971,Male,1,Unemp
idelabarrej8,31/12/1985,Male,1,Emp
phavilej9,30/4/2000,Male,1,Emp
mtomadonija,20/7/1951,Female,1,Unemp
podonovanjb,24/5/1995,Male,1,Unemp
marnowjc,28/9/1985,Male,1,Unemp
rkestlejd,20/12/1989,Male,0,Unemp
sfollingje,14/2/1992,Female,0,Emp
ewarstalljf,22/7/1952,Female,1,Emp
